<Book><BookInfo><ID>-1726971463938</ID><Name><![CDATA[]]></Name><BookType>interact_book_hor_ver</BookType><DeviceType>iphone_book</DeviceType><DeviceVersion>null</DeviceVersion><PlatformType>android_platform</PlatformType><Description><![CDATA[]]></Description><HomePageID>-1727017210334</HomePageID><StartPageTime><![CDATA[2]]></StartPageTime><IsLoadSnap>true</IsLoadSnap><IsLoadNavigation>true</IsLoadNavigation><BookFlipType>slider_flip</BookFlipType><BookNavType>threed_navigation_view</BookNavType><BookControllerType>book_view_type</BookControllerType><Proportion>false</Proportion><AndroidAdapterType>KEEPSIZE_SCALE</AndroidAdapterType><IsFree>true</IsFree><BackgroundMusicId>-1727190000001.mp3</BackgroundMusicId><BookMark><IsShowBookMark>false</IsShowBookMark><IsShowBookMarkLabel>true</IsShowBookMarkLabel><BookMarkLablePositon>left|bottom</BookMarkLablePositon><BookMarkLabelHorGap>20</BookMarkLabelHorGap><BookMarkLabelVerGap>20</BookMarkLabelVerGap><BookMarkLabelText><![CDATA[Smart Apps Creator]]></BookMarkLabelText></BookMark><BookWidth>1920</BookWidth><BookHeight>1080</BookHeight><ADType>-1</ADType><ADPosition>top</ADPosition><ExeStyleType>IOS_STYLE</ExeStyleType><ProductID></ProductID><ReferenceName><![CDATA[]]></ReferenceName><PushID></PushID><ActivePush>false</ActivePush><FullScreen>false</FullScreen><Buttons><Button><X>0</X><Y>0</Y><Width>132</Width><Height>132</Height><Type>home_page_btn</Type><isVisible>false</isVisible><LayoutType>LEFT_TOP</LayoutType><Vergap>0</Vergap><Horgap>0</Horgap><UserDefNav>false</UserDefNav><Source></Source><SelectedSource></SelectedSource></Button><Button><X>1788</X><Y>0</Y><Width>132</Width><Height>132</Height><Type>open_navigate_btn</Type><isVisible>false</isVisible><LayoutType>RIGHT_TOP</LayoutType><Vergap>0</Vergap><Horgap>0</Horgap><UserDefNav>false</UserDefNav><Source></Source><SelectedSource></SelectedSource></Button><Button><X>0</X><Y>474</Y><Width>132</Width><Height>132</Height><Type>pre_page_btn</Type><isVisible>false</isVisible><LayoutType>LEFT_TOP</LayoutType><Vergap>474</Vergap><Horgap>0</Horgap><UserDefNav>false</UserDefNav><Source></Source><SelectedSource></SelectedSource></Button><Button><X>1788</X><Y>474</Y><Width>132</Width><Height>132</Height><Type>next_page_btn</Type><isVisible>false</isVisible><LayoutType>RIGHT_TOP</LayoutType><Vergap>474</Vergap><Horgap>0</Horgap><UserDefNav>false</UserDefNav><Source></Source><SelectedSource></SelectedSource></Button><Button><X>0</X><Y>0</Y><Width>132</Width><Height>132</Height><Type>ver_home_page_btn</Type><isVisible>true</isVisible><LayoutType>LEFT_TOP</LayoutType><Vergap>0</Vergap><Horgap>0</Horgap><UserDefNav>false</UserDefNav><Source></Source><SelectedSource></SelectedSource></Button><Button><X>948</X><Y>0</Y><Width>132</Width><Height>132</Height><Type>ver_open_navigate_btn</Type><isVisible>false</isVisible><LayoutType>RIGHT_TOP</LayoutType><Vergap>0</Vergap><Horgap>0</Horgap><UserDefNav>false</UserDefNav><Source></Source><SelectedSource></SelectedSource></Button><Button><X>0</X><Y>894</Y><Width>132</Width><Height>132</Height><Type>ver_pre_page_btn</Type><isVisible>false</isVisible><LayoutType>LEFT_TOP</LayoutType><Vergap>894</Vergap><Horgap>0</Horgap><UserDefNav>false</UserDefNav><Source></Source><SelectedSource></SelectedSource></Button><Button><X>948</X><Y>894</Y><Width>132</Width><Height>132</Height><Type>ver_next_page_btn</Type><isVisible>false</isVisible><LayoutType>RIGHT_TOP</LayoutType><Vergap>894</Vergap><Horgap>0</Horgap><UserDefNav>false</UserDefNav><Source></Source><SelectedSource></SelectedSource></Button></Buttons></BookInfo><Snapshots><Snapshot> <SnapshotId>-1727344055806.png</SnapshotId><SnapshotWidth>1920</SnapshotWidth><SnapshotHeight>1080</SnapshotHeight><PageId>-1726971463966</PageId><PageTitle><![CDATA[]]></PageTitle></Snapshot> <Snapshot> <SnapshotId>-1727195373442.jpg</SnapshotId><SnapshotWidth>640</SnapshotWidth><SnapshotHeight>360</SnapshotHeight><PageId>-1727017210334</PageId><PageTitle><![CDATA[]]></PageTitle></Snapshot> <Snapshot> <SnapshotId>-1727195374129.jpg</SnapshotId><SnapshotWidth>640</SnapshotWidth><SnapshotHeight>360</SnapshotHeight><PageId>-1727017830724</PageId><PageTitle><![CDATA[]]></PageTitle></Snapshot> <Snapshot> <SnapshotId>-1727195374972.jpg</SnapshotId><SnapshotWidth>640</SnapshotWidth><SnapshotHeight>360</SnapshotHeight><PageId>-1727017892216</PageId><PageTitle><![CDATA[]]></PageTitle></Snapshot> <Snapshot> <SnapshotId>-1727103365159.jpg</SnapshotId><SnapshotWidth>640</SnapshotWidth><SnapshotHeight>360</SnapshotHeight><PageId>-1727017911159</PageId><PageTitle><![CDATA[]]></PageTitle></Snapshot> <Snapshot> <SnapshotId>-1727245221434.jpg</SnapshotId><SnapshotWidth>640</SnapshotWidth><SnapshotHeight>360</SnapshotHeight><PageId>-1727020514668</PageId><PageTitle><![CDATA[]]></PageTitle></Snapshot> <Snapshot> <SnapshotId>-1727103366272.jpg</SnapshotId><SnapshotWidth>640</SnapshotWidth><SnapshotHeight>360</SnapshotHeight><PageId>-1727084509794</PageId><PageTitle><![CDATA[]]></PageTitle></Snapshot> <Snapshot> <SnapshotId>-1727103367244.jpg</SnapshotId><SnapshotWidth>640</SnapshotWidth><SnapshotHeight>360</SnapshotHeight><PageId>-1727084591211</PageId><PageTitle><![CDATA[]]></PageTitle></Snapshot> <Snapshot> <SnapshotId>-1727103368266.jpg</SnapshotId><SnapshotWidth>640</SnapshotWidth><SnapshotHeight>360</SnapshotHeight><PageId>-1727084593531</PageId><PageTitle><![CDATA[]]></PageTitle></Snapshot> <Snapshot> <SnapshotId>-1727103369447.jpg</SnapshotId><SnapshotWidth>640</SnapshotWidth><SnapshotHeight>360</SnapshotHeight><PageId>-1727084595397</PageId><PageTitle><![CDATA[]]></PageTitle></Snapshot> <Snapshot> <SnapshotId>-1727103370472.jpg</SnapshotId><SnapshotWidth>640</SnapshotWidth><SnapshotHeight>360</SnapshotHeight><PageId>-1727084597003</PageId><PageTitle><![CDATA[]]></PageTitle></Snapshot> <Snapshot> <SnapshotId>-1727103371466.jpg</SnapshotId><SnapshotWidth>640</SnapshotWidth><SnapshotHeight>360</SnapshotHeight><PageId>-1727084598699</PageId><PageTitle><![CDATA[]]></PageTitle></Snapshot> <Snapshot> <SnapshotId>-1727103372515.jpg</SnapshotId><SnapshotWidth>640</SnapshotWidth><SnapshotHeight>360</SnapshotHeight><PageId>-1727084600190</PageId><PageTitle><![CDATA[]]></PageTitle></Snapshot> <Snapshot> <SnapshotId>-1727103373424.jpg</SnapshotId><SnapshotWidth>640</SnapshotWidth><SnapshotHeight>360</SnapshotHeight><PageId>-1727100971514</PageId><PageTitle><![CDATA[]]></PageTitle></Snapshot> <Snapshot> <SnapshotId>-1727195376628.jpg</SnapshotId><SnapshotWidth>640</SnapshotWidth><SnapshotHeight>360</SnapshotHeight><PageId>-1727101443785</PageId><PageTitle><![CDATA[]]></PageTitle></Snapshot> <Snapshot> <SnapshotId>-1727195377441.jpg</SnapshotId><SnapshotWidth>640</SnapshotWidth><SnapshotHeight>360</SnapshotHeight><PageId>-1727101446890</PageId><PageTitle><![CDATA[]]></PageTitle></Snapshot> <Snapshot> <SnapshotId>-1727195378237.jpg</SnapshotId><SnapshotWidth>640</SnapshotWidth><SnapshotHeight>360</SnapshotHeight><PageId>-1727176401878</PageId><PageTitle><![CDATA[]]></PageTitle></Snapshot> <Snapshot> <SnapshotId>-1727195379096.jpg</SnapshotId><SnapshotWidth>640</SnapshotWidth><SnapshotHeight>360</SnapshotHeight><PageId>-1727176405440</PageId><PageTitle><![CDATA[]]></PageTitle></Snapshot> <Snapshot> <SnapshotId>-1727195379862.jpg</SnapshotId><SnapshotWidth>640</SnapshotWidth><SnapshotHeight>360</SnapshotHeight><PageId>-1727176407721</PageId><PageTitle><![CDATA[]]></PageTitle></Snapshot> <Snapshot> <SnapshotId>-1727195380643.jpg</SnapshotId><SnapshotWidth>640</SnapshotWidth><SnapshotHeight>360</SnapshotHeight><PageId>-1727176409861</PageId><PageTitle><![CDATA[]]></PageTitle></Snapshot> <Snapshot> <SnapshotId>-1727195381424.jpg</SnapshotId><SnapshotWidth>640</SnapshotWidth><SnapshotHeight>360</SnapshotHeight><PageId>-1727176611591</PageId><PageTitle><![CDATA[]]></PageTitle></Snapshot> <Snapshot> <SnapshotId>-1727195382236.jpg</SnapshotId><SnapshotWidth>640</SnapshotWidth><SnapshotHeight>360</SnapshotHeight><PageId>-1727188182755</PageId><PageTitle><![CDATA[]]></PageTitle></Snapshot> <Snapshot> <SnapshotId>-1727195383174.jpg</SnapshotId><SnapshotWidth>640</SnapshotWidth><SnapshotHeight>360</SnapshotHeight><PageId>-1727195253610</PageId><PageTitle><![CDATA[]]></PageTitle></Snapshot> <Snapshot> <SnapshotId>-1727344057237.jpg</SnapshotId><SnapshotWidth>640</SnapshotWidth><SnapshotHeight>360</SnapshotHeight><PageId>-1727343517519</PageId><PageTitle><![CDATA[]]></PageTitle></Snapshot> </Snapshots><Pages><Page><ID>-1726971463966</ID></Page><Page><ID>-1727017210334</ID></Page><Page><ID>-1727017830724</ID></Page><Page><ID>-1727017892216</ID></Page><Page><ID>-1727017911159</ID></Page><Page><ID>-1727020514668</ID></Page><Page><ID>-1727084509794</ID></Page><Page><ID>-1727084591211</ID></Page><Page><ID>-1727084593531</ID></Page><Page><ID>-1727084595397</ID></Page><Page><ID>-1727084597003</ID></Page><Page><ID>-1727084598699</ID></Page><Page><ID>-1727084600190</ID></Page><Page><ID>-1727100971514</ID></Page><Page><ID>-1727101443785</ID></Page><Page><ID>-1727101446890</ID></Page><Page><ID>-1727176401878</ID></Page><Page><ID>-1727176405440</ID></Page><Page><ID>-1727176407721</ID></Page><Page><ID>-1727176409861</ID></Page><Page><ID>-1727176611591</ID></Page><Page><ID>-1727188182755</ID></Page><Page><ID>-1727195253610</ID></Page><Page><ID>-1727343517519</ID></Page></Pages><StartPageID>-1726971463966</StartPageID><Sections><Section><ID>-1727188182985</ID><Name>BERANDA</Name><isReverseSize>false</isReverseSize><isNeedPaid>false</isNeedPaid><Pages><Page>-1727343517519</Page><Page>-1727188182755</Page></Pages></Section><Section><ID>-1727020480706</ID><Name>JUDUL%20</Name><isReverseSize>false</isReverseSize><isNeedPaid>false</isNeedPaid><Pages><Page>-1727017210334</Page></Pages></Section><Section><ID>-1727020514684</ID><Name>MENU%20AWAL</Name><isReverseSize>false</isReverseSize><isNeedPaid>false</isNeedPaid><Pages><Page>-1727020514668</Page></Pages></Section><Section><ID>-1727017830739</ID><Name>TUJUAN</Name><isReverseSize>false</isReverseSize><isNeedPaid>false</isNeedPaid><Pages><Page>-1727017830724</Page><Page>-1727084509794</Page></Pages></Section><Section><ID>-1727017892248</ID><Name>MATERI</Name><isReverseSize>false</isReverseSize><isNeedPaid>false</isNeedPaid><Pages><Page>-1727017892216</Page><Page>-1727084591211</Page><Page>-1727084600190</Page><Page>-1727084598699</Page><Page>-1727084597003</Page><Page>-1727084595397</Page><Page>-1727084593531</Page></Pages></Section><Section><ID>-1727017911175</ID><Name>VIDEO%20PEMBELAJARAN</Name><isReverseSize>false</isReverseSize><isNeedPaid>false</isNeedPaid><Pages><Page>-1727017911159</Page><Page>-1727100971514</Page></Pages></Section><Section><ID>-1727017928922</ID><Name>LATIHAN</Name><isReverseSize>false</isReverseSize><isNeedPaid>false</isNeedPaid><Pages><Page>-1727101446890</Page><Page>-1727176401878</Page><Page>-1727176405440</Page><Page>-1727176407721</Page><Page>-1727176409861</Page><Page>-1727101443785</Page></Pages></Section><Section><ID>-1727176611607</ID><Name>REFERENSI</Name><isReverseSize>false</isReverseSize><isNeedPaid>false</isNeedPaid><Pages><Page>-1727176611591</Page></Pages></Section><Section><ID>-1727195253625</ID><Name>PENUTUP</Name><isReverseSize>false</isReverseSize><isNeedPaid>false</isNeedPaid><Pages><Page>-1727195253610</Page></Pages></Section></Sections></Book>